cell_site_id,emission_designation,technology,tx_frequency,rx_frequency,azimuth,antenna_gain,back_front_relation,hpa,mechanical_elevation,polarization,antenna_height,tx_power,latitude,longitude,cell_carrier_id
442323999,10M0G7W,NR,788,733,50,17,28,66,0,X,46,40,-3.0875,-60.04028,59ad636e4f608
442323999,10M0G7W,NR,788,733,160,17,28,66,0,X,46,40,-3.0875,-60.04028,59ad636e56f46
442323999,10M0G7W,NR,788,733,265,17,28,66,0,X,46,40,-3.0875,-60.04028,59ad636e5e414
442323999,10M0G7W,NR,2160,1970,50,17,25,64,6,X,46,40,-3.0875,-60.04028,3884d2488aaaaa54
442323999,10M0G7W,NR,2160,1970,160,17,25,64,6,X,46,40,-3.0875,-60.04028,3884d2488aaaaa55
442323999,10M0G7W,NR,2160,1970,265,17,25,64,6,X,46,40,-3.0875,-60.04028,3884d2488aaaaa56
683149687,100MG7W,NR,3450,3450,110,23.5,25,65,10,X,25,200,-3.12278,-60.01333,3cdfd5f8c8295c53
683149687,100MG7W,NR,3450,3450,245,23.5,25,65,10,X,25,200,-3.12278,-60.01333,3cdfd5f8c8295c54
683149687,100MG7W,NR,3450,3450,30,23.5,25,65,8,X,25,200,-3.12278,-60.01333,3cdfd5f8c8295c55
687298121,100MG7W,NR,3450,3450,320,23.5,25,65,6,X,49,200,-3.10759,-60.05268,3cdfd5f8c8295c56
687298121,100MG7W,NR,3450,3450,40,23.5,25,65,6,X,49,200,-3.10759,-60.05268,3cdfd5f8c8295c57
687298121,100MG7W,NR,3450,3450,160,23.5,25,65,6,X,49,200,-3.10759,-60.05268,3cdfd5f8c8295c58
689337930,100MG7W,NR,3450,3450,160,23.5,25,65,6,X,25,200,-3.10917,-60.0125,3cdfd5f8c8295c5c
689337930,100MG7W,NR,3450,3450,270,23.5,25,65,6,X,25,200,-3.10917,-60.0125,3cdfd5f8c8295c5d
689337930,100MG7W,NR,3450,3450,50,23.5,25,65,6,X,25,200,-3.10917,-60.0125,3cdfd5f8c8295c5e
689386818,100MG7W,NR,3450,3450,360,23.5,25,65,6,X,50,200,-3.12611,-60.02361,3cdfd5f8c8295c5f
689386818,100MG7W,NR,3450,3450,120,23.5,25,65,6,X,50,200,-3.12611,-60.02361,3cdfd5f8c8295c60
689386818,100MG7W,NR,3450,3450,260,23.5,25,65,6,X,50,200,-3.12611,-60.02361,3cdfd5f8c8295c61
689846940,100MG7W,NR,3450,3450,60,23.5,25,65,3,X,42,200,-3.105,-60.01333,3cdfd5f8c8295c62
689846940,100MG7W,NR,3450,3450,180,23.5,25,65,6,X,42,200,-3.105,-60.01333,3cdfd5f8c8295c63
689846940,100MG7W,NR,3450,3450,300,23.5,25,65,6,X,42,200,-3.105,-60.01333,3cdfd5f8c8295c64
689850107,100MG7W,NR,3450,3450,60,23.5,25,65,4,X,43,200,-3.08942,-60.00514,3cdfd5f8c8295c65
689850107,100MG7W,NR,3450,3450,180,23.5,25,65,6,X,43,200,-3.08942,-60.00514,3cdfd5f8c8295c66
689850107,100MG7W,NR,3450,3450,300,23.5,25,65,6,X,43,200,-3.08942,-60.00514,3cdfd5f8c8295c67
691365377,100MG7W,NR,3450,3450,30,23.5,25,65,11,X,40,200,-3.12111,-60.01889,3cdfd5f8c8295c7a
691365377,100MG7W,NR,3450,3450,170,23.5,25,65,8,X,40,200,-3.12111,-60.01889,3cdfd5f8c8295c7b
691365377,100MG7W,NR,3450,3450,270,23.5,25,65,8,X,40,200,-3.12111,-60.01889,3cdfd5f8c8295c7c
691365393,100MG7W,NR,3450,3450,35,23.5,25,65,6,X,40,200,-3.08083,-60.03306,3cdfd5f8c8295c7d
691365393,100MG7W,NR,3450,3450,145,23.5,25,65,6,X,40,200,-3.08083,-60.03306,3cdfd5f8c8295c7e
691365393,100MG7W,NR,3450,3450,280,23.5,25,65,6,X,40,200,-3.08083,-60.03306,3cdfd5f8c8295c7f
691365539,100MG7W,NR,3450,3450,360,23.5,25,65,10,X,35,200,-3.10611,-60.0175,3cdfd5f8c8295c80
691365539,100MG7W,NR,3450,3450,160,23.5,25,65,6,X,35,200,-3.10611,-60.0175,3cdfd5f8c8295c81
691365539,100MG7W,NR,3450,3450,280,23.5,25,65,11,X,35,200,-3.10611,-60.0175,3cdfd5f8c8295c82
691539065,100MG7W,NR,3450,3450,20,23.5,25,65,0,X,27,200,-3.08778,-60.01694,3cdfd5f8c8295c83
691539065,100MG7W,NR,3450,3450,130,23.5,25,65,0,X,27,200,-3.08778,-60.01694,3cdfd5f8c8295c84
691539065,100MG7W,NR,3450,3450,240,23.5,25,65,0,X,27,200,-3.08778,-60.01694,3cdfd5f8c8295c85
691539120,100MG7W,NR,3450,3450,140,23.5,25,65,3,X,50,200,-3.12444,-59.9975,3cdfd5f8c8295c86
691539120,100MG7W,NR,3450,3450,20,23.5,25,65,3,X,50,200,-3.12444,-59.9975,3cdfd5f8c8295c87
691539120,100MG7W,NR,3450,3450,290,23.5,25,65,3,X,50,200,-3.12444,-59.9975,3cdfd5f8c8295c88
692850821,100MG7W,NR,3450,3450,100,23.5,25,65,4,X,17,200,-3.13611,-60.02028,3cdfd5f8c8295c8c
692850821,100MG7W,NR,3450,3450,210,23.5,25,65,8,X,17,200,-3.13611,-60.02028,3cdfd5f8c8295c8d
692850821,100MG7W,NR,3450,3450,320,23.5,25,65,9,X,17,200,-3.13611,-60.02028,3cdfd5f8c8295c8e
699392713,100MG7W,NR,3450,3450,340,23.5,25,65,6,X,35,200,-3.10028,-60.02028,3cdfd5f8c8295ca1
699392713,100MG7W,NR,3450,3450,100,23.5,25,65,6,X,35,200,-3.10028,-60.02028,3cdfd5f8c8295ca2
699392713,100MG7W,NR,3450,3450,240,23.5,25,65,6,X,35,200,-3.10028,-60.02028,3cdfd5f8c8295ca3
699563640,100MG7W,NR,3450,3450,240,23.5,25,65,13,X,20,200,-3.11778,-60.01806,3cdfd5f8c8295ca4
699563640,100MG7W,NR,3450,3450,120,23.5,25,65,10,X,20,200,-3.11778,-60.01806,3cdfd5f8c8295ca5
699563640,100MG7W,NR,3450,3450,360,23.5,25,65,5,X,20,200,-3.11778,-60.01806,3cdfd5f8c8295ca6
699633109,100MG7W,NR,3450,3450,50,23.5,25,65,8,X,40,200,-3.0875,-60.03222,3cdfd5f8c8295ca7
699633109,100MG7W,NR,3450,3450,300,23.5,25,65,8,X,40,200,-3.0875,-60.03222,3cdfd5f8c8295ca8
699633109,100MG7W,NR,3450,3450,190,23.5,25,65,8,X,40,200,-3.0875,-60.03222,3cdfd5f8c8295ca9
699821410,100MG7W,NR,3450,3450,40,23.5,25,65,8,X,51,200,-3.09417,-59.99083,3cdfd5f8c8295caa
699821410,100MG7W,NR,3450,3450,140,23.5,25,65,8,X,51,200,-3.09417,-59.99083,3cdfd5f8c8295cab
699821410,100MG7W,NR,3450,3450,270,23.5,25,65,8,X,51,200,-3.09417,-59.99083,3cdfd5f8c8295cac
1000446961,100MG7W,NR,3450,3450,40,23.5,25,65,8,X,47,200,-3.11417,-60.01056,3cdfd5f8c8295cad
1000446961,100MG7W,NR,3450,3450,140,23.5,25,65,8,X,47,200,-3.11417,-60.01056,3cdfd5f8c8295cae
1000446961,100MG7W,NR,3450,3450,250,23.5,25,65,8,X,47,200,-3.11417,-60.01056,3cdfd5f8c8295caf
1010105393,100MG7W,NR,3450,3450,290,23.5,25,65,7,X,55,200,-3.10028,-60.00639,3cdfd5f8c8295cb6
1010105393,100MG7W,NR,3450,3450,180,23.5,25,65,7,X,55,200,-3.10028,-60.00639,3cdfd5f8c8295cb7
1010105393,100MG7W,NR,3450,3450,80,23.5,25,65,7,X,55,200,-3.10028,-60.00639,3cdfd5f8c8295cb8
699363535,100MG7W,NR,3450,3450,10,23.5,25,65,9,X,50,200,-3.08667,-59.99583,3cdfd5f8c8295cb9
699363535,100MG7W,NR,3450,3450,120,23.5,25,65,9,X,50,200,-3.08667,-59.99583,3cdfd5f8c8295cba
699363535,100MG7W,NR,3450,3450,240,23.5,25,65,9,X,50,200,-3.08667,-59.99583,3cdfd5f8c8295cbb
1001502229,100MG7W,NR,3450,3450,350,23.5,25,65,8,X,56,200,-3.126208,-60.015944,3cdfd5f8c8295cbc
1001502229,100MG7W,NR,3450,3450,90,23.5,25,65,8,X,56,200,-3.126208,-60.015944,3cdfd5f8c8295cbd
1001502229,100MG7W,NR,3450,3450,250,23.5,25,65,8,X,56,200,-3.126208,-60.015944,3cdfd5f8c8295cbe
442035268,100MG7W,NR,3450,3450,80,25,25,105,10,X,40,200,-3.11778,-60.0225,3cdfd5f8c8295ce0
442035268,100MG7W,NR,3450,3450,230,25,25,105,10,X,40,200,-3.11778,-60.0225,3cdfd5f8c8295ce1
442035268,100MG7W,NR,3450,3450,330,25,25,105,10,X,40,200,-3.11778,-60.0225,3cdfd5f8c8295ce2
442035462,100MG7W,NR,3450,3450,360,25,25,105,12,X,45,200,-3.09694,-60.01528,3cdfd5f8c8295ce3
442035462,100MG7W,NR,3450,3450,140,25,25,105,12,X,45,200,-3.09694,-60.01528,3cdfd5f8c8295ce4
442035462,100MG7W,NR,3450,3450,240,25,25,105,8,X,45,200,-3.09694,-60.01528,3cdfd5f8c8295ce5
442323999,100MG7W,NR,3450,3450,50,25,25,105,6,X,57,200,-3.0875,-60.04028,3cdfd5f8c8295ce6
442323999,100MG7W,NR,3450,3450,160,25,25,105,6,X,57,200,-3.0875,-60.04028,3cdfd5f8c8295ce7
442323999,100MG7W,NR,3450,3450,265,25,25,105,6,X,63,200,-3.0875,-60.04028,3cdfd5f8c8295ce8
442366370,100MG7W,NR,3450,3450,270,25,25,105,15,X,90,200,-3.13278,-60.02361,3cdfd5f8c8295ce9
442366370,100MG7W,NR,3450,3450,30,25,25,105,11,X,90,200,-3.13278,-60.02361,3cdfd5f8c8295cea
442366370,100MG7W,NR,3450,3450,160,25,25,105,11,X,90,200,-3.13278,-60.02361,3cdfd5f8c8295ceb
691309094,100MG7W,NR,3450,3450,60,23.5,25,65,6,X,36,200,-3.12917,-60.02667,3cdfd5f8c8295cfe
691309094,100MG7W,NR,3450,3450,170,23.5,25,65,6,X,36,200,-3.12917,-60.02667,3cdfd5f8c8295cff
691309094,100MG7W,NR,3450,3450,240,23.5,25,65,13,X,36,200,-3.12917,-60.02667,3cdfd5f8c8295d00
691365474,100MG7W,NR,3450,3450,50,23.5,25,65,10,X,60,200,-3.13639,-60.02472,3cdfd5f8c8295d01
691365474,100MG7W,NR,3450,3450,290,23.5,25,65,6,X,60,200,-3.13639,-60.02472,3cdfd5f8c8295d02
691365474,100MG7W,NR,3450,3450,150,23.5,25,65,11,X,60,200,-3.13639,-60.02472,3cdfd5f8c8295d03
692844554,100MG7W,NR,3450,3450,30,23.5,25,65,10,X,60,200,-3.13056,-60.02111,3cdfd5f8c8295d10
692844554,100MG7W,NR,3450,3450,120,23.5,25,65,8,X,60,200,-3.13056,-60.02111,3cdfd5f8c8295d11
692844554,100MG7W,NR,3450,3450,270,23.5,25,65,8,X,60,200,-3.13056,-60.02111,3cdfd5f8c8295d12
693112620,100MG7W,NR,3450,3450,360,23.5,25,65,4,X,26,200,-3.10361,-60.02444,3cdfd5f8c8295d13
693112620,100MG7W,NR,3450,3450,120,23.5,25,65,4,X,26,200,-3.10361,-60.02444,3cdfd5f8c8295d14
693112620,100MG7W,NR,3450,3450,240,23.5,25,65,4,X,26,200,-3.10361,-60.02444,3cdfd5f8c8295d15
693204508,100MG7W,NR,3450,3450,50,23.5,25,65,12,X,35,200,-3.13444,-60.02944,3cdfd5f8c8295d16
693204508,100MG7W,NR,3450,3450,130,23.5,25,65,8,X,35,200,-3.13444,-60.02944,3cdfd5f8c8295d17
693204508,100MG7W,NR,3450,3450,320,23.5,25,65,6,X,35,200,-3.13444,-60.02944,3cdfd5f8c8295d18
442035217,100MG7W,NR,3450,3450,60,25,25,105,6,X,31,200,-3.11028,-59.99111,378dd5f8bdf62b3e
442035217,100MG7W,NR,3450,3450,190,25,25,105,6,X,31,200,-3.11028,-59.99111,378dd5f8bdf62b3f
442035217,100MG7W,NR,3450,3450,330,25,25,105,6,X,31,200,-3.11028,-59.99111,378dd5f8bdf62b40
442035314,100MG7W,NR,3450,3450,90,25,25,105,11,X,45,200,-3.1075,-60.045,378dd5f8bdf62b41
442035314,100MG7W,NR,3450,3450,205,25,25,105,6,X,45,200,-3.1075,-60.045,378dd5f8bdf62b42
442035314,100MG7W,NR,3450,3450,300,25,25,105,7,X,45,200,-3.1075,-60.045,378dd5f8bdf62b43
442035411,100MG7W,NR,3450,3450,40,25,25,105,14,X,39,200,-3.12833,-60.00361,378dd5f8bdf62b44
442035411,100MG7W,NR,3450,3450,300,25,25,105,6,X,39,200,-3.12833,-60.00361,378dd5f8bdf62b45
442035411,100MG7W,NR,3450,3450,170,25,25,105,14,X,39,200,-3.12833,-60.00361,378dd5f8bdf62b46
622925512,100MG7W,NR,3450,3450,220,25,25,105,10,X,20,200,-3.13389,-60.01667,378dd5f8bdf62b4a
622925512,100MG7W,NR,3450,3450,320,25,25,105,6,X,20,200,-3.13389,-60.01667,378dd5f8bdf62b4b
622925512,100MG7W,NR,3450,3450,100,25,25,105,6,X,20,200,-3.13389,-60.01667,378dd5f8bdf62b4c
687297478,100MG7W,NR,3450,3450,80,23.5,25,65,10,X,45,200,-3.08583,-60.02361,378dd5f8bdf62b4d
687297478,100MG7W,NR,3450,3450,230,23.5,25,65,10,X,53,200,-3.08583,-60.02361,378dd5f8bdf62b4e
687297478,100MG7W,NR,3450,3450,350,23.5,25,65,10,X,45,200,-3.08583,-60.02361,378dd5f8bdf62b4f
687297494,100MG7W,NR,3450,3450,90,23.5,25,65,9,X,33,200,-3.13861,-60.02167,378dd5f8bdf62b50
687297494,100MG7W,NR,3450,3450,220,23.5,25,65,8,X,33,200,-3.13861,-60.02167,378dd5f8bdf62b51
687297494,100MG7W,NR,3450,3450,340,23.5,25,65,10,X,33,200,-3.13861,-60.02167,378dd5f8bdf62b52
689847076,100MG7W,NR,3450,3450,50,23.5,25,65,6,X,28,200,-3.1225,-60.00556,378dd5f8bdf62b53
689847076,100MG7W,NR,3450,3450,160,23.5,25,65,6,X,28,200,-3.1225,-60.00556,378dd5f8bdf62b54
689847076,100MG7W,NR,3450,3450,320,23.5,25,65,6,X,28,200,-3.1225,-60.00556,378dd5f8bdf62b55
689850212,100MG7W,NR,3450,3450,140,23.5,25,65,8,X,30,200,-3.11444,-60.04806,378dd5f8bdf62b56
689850212,100MG7W,NR,3450,3450,300,23.5,25,65,10,X,30,200,-3.11444,-60.04806,378dd5f8bdf62b57
689850212,100MG7W,NR,3450,3450,60,23.5,25,65,8,X,30,200,-3.11444,-60.04806,378dd5f8bdf62b58
689984073,100MG7W,NR,3450,3450,140,23.5,25,65,6,X,28,200,-3.13361,-60.02083,378dd5f8bdf62b59
689984073,100MG7W,NR,3450,3450,210,23.5,25,65,6,X,28,200,-3.13361,-60.02083,378dd5f8bdf62b5a
689984073,100MG7W,NR,3450,3450,5,23.5,25,65,6,X,28,200,-3.13361,-60.02083,378dd5f8bdf62b5b
690214944,100MG7W,NR,3450,3450,60,23.5,25,65,7,X,40,200,-3.1025,-59.99806,378dd5f8bdf62b5c
690214944,100MG7W,NR,3450,3450,330,23.5,25,65,9,X,40,200,-3.1025,-59.99806,378dd5f8bdf62b5d
690214944,100MG7W,NR,3450,3450,210,23.5,25,65,9,X,40,200,-3.1025,-59.99806,378dd5f8bdf62b5e
690371101,100MG7W,NR,3450,3450,45,23.5,25,65,6,X,41,200,-3.12861,-60.01306,378dd5f8bdf62b5f
690371101,100MG7W,NR,3450,3450,140,23.5,25,65,6,X,41,200,-3.12861,-60.01306,378dd5f8bdf62b60
690371101,100MG7W,NR,3450,3450,280,23.5,25,65,6,X,41,200,-3.12861,-60.01306,378dd5f8bdf62b61
690748981,100MG7W,NR,3450,3450,230,23.5,25,65,6,X,29,200,-3.10861,-60.02361,378dd5f8bdf62b62
690748981,100MG7W,NR,3450,3450,360,23.5,25,65,9,X,29,200,-3.10861,-60.02361,378dd5f8bdf62b63
690748981,100MG7W,NR,3450,3450,130,23.5,25,65,6,X,29,200,-3.10861,-60.02361,378dd5f8bdf62b64
690852231,100MG7W,NR,3450,3450,80,23.5,25,65,2,X,34,200,-3.09222,-60.04556,378dd5f8bdf62b65
690852231,100MG7W,NR,3450,3450,200,23.5,25,65,4,X,34,200,-3.09222,-60.04556,378dd5f8bdf62b66
690852231,100MG7W,NR,3450,3450,315,23.5,25,65,6,X,34,200,-3.09222,-60.04556,378dd5f8bdf62b67
691539375,100MG7W,NR,3450,3450,360,23.5,25,65,9,X,35,200,-3.10889,-60.00111,378dd5f8bdf62b6b
691539375,100MG7W,NR,3450,3450,140,23.5,25,65,10,X,35,200,-3.10889,-60.00111,378dd5f8bdf62b6c
691539375,100MG7W,NR,3450,3450,240,23.5,25,65,9,X,35,200,-3.10889,-60.00111,378dd5f8bdf62b6d
691539413,100MG7W,NR,3450,3450,170,23.5,25,65,6,X,31,200,-3.11361,-60.01583,378dd5f8bdf62b6e
691539413,100MG7W,NR,3450,3450,65,23.5,25,65,6,X,31,200,-3.11361,-60.01583,378dd5f8bdf62b6f
691539413,100MG7W,NR,3450,3450,300,23.5,25,65,6,X,31,200,-3.11361,-60.01583,378dd5f8bdf62b70
692960007,100MG7W,NR,3450,3450,360,23.5,25,65,6,X,40,200,-3.08639,-59.98639,378dd5f8bdf62b71
692960007,100MG7W,NR,3450,3450,270,23.5,25,65,4,X,40,200,-3.08639,-59.98639,378dd5f8bdf62b72
692960007,100MG7W,NR,3450,3450,140,23.5,25,65,6,X,40,200,-3.08639,-59.98639,378dd5f8bdf62b73
692960724,100MG7W,NR,3450,3450,360,23.5,25,65,11,X,40,200,-3.08778,-60.05694,378dd5f8bdf62b74
692960724,100MG7W,NR,3450,3450,240,23.5,25,65,8,X,40,200,-3.08778,-60.05694,378dd5f8bdf62b75
692960724,100MG7W,NR,3450,3450,130,23.5,25,65,9,X,40,200,-3.08778,-60.05694,378dd5f8bdf62b76
697489078,100MG7W,NR,3450,3450,350,23.5,25,65,0,X,32,200,-3.10306,-60.05083,378dd5f8bdf62b77
697489078,100MG7W,NR,3450,3450,100,23.5,25,65,0,X,32,200,-3.10306,-60.05083,378dd5f8bdf62b78
697489078,100MG7W,NR,3450,3450,210,23.5,25,65,0,X,32,200,-3.10306,-60.05083,378dd5f8bdf62b79
699820367,100MG7W,NR,3450,3450,50,23.5,25,65,6,X,40,200,-3.07611,-60.07889,378dd5f8bdf62b7a
699820367,100MG7W,NR,3450,3450,160,23.5,25,65,6,X,40,200,-3.07611,-60.07889,378dd5f8bdf62b7b
699820367,100MG7W,NR,3450,3450,300,23.5,25,65,4,X,40,200,-3.07611,-60.07889,378dd5f8bdf62b7c
1000443970,100MG7W,NR,3450,3450,60,23.5,25,65,8,X,37,200,-3.09639,-60.00111,378dd5f8bdf62b80
1000443970,100MG7W,NR,3450,3450,200,23.5,25,65,8,X,37,200,-3.09639,-60.00111,378dd5f8bdf62b81
1000443970,100MG7W,NR,3450,3450,310,23.5,25,65,8,X,37,200,-3.09639,-60.00111,378dd5f8bdf62b82
1000447020,100MG7W,NR,3450,3450,350,25,25,105,8,X,30,200,-3.0975,-60.05056,378dd5f8bdf62b83
1000447020,100MG7W,NR,3450,3450,130,25,25,105,8,X,30,200,-3.0975,-60.05056,378dd5f8bdf62b84
1000447020,100MG7W,NR,3450,3450,230,25,25,105,8,X,30,200,-3.0975,-60.05056,378dd5f8bdf62b85
1000683980,100MG7W,NR,3450,3450,60,23.5,25,65,8,X,40,200,-3.09528,-60.05361,378dd5f8bdf62b8c
1000683980,100MG7W,NR,3450,3450,190,23.5,25,65,8,X,40,200,-3.09528,-60.05361,378dd5f8bdf62b8d
1000683980,100MG7W,NR,3450,3450,300,23.5,25,65,8,X,40,200,-3.09528,-60.05361,378dd5f8bdf62b8e
1005444959,100MG7W,NR,3450,3450,50,23.5,25,65,8,X,27,200,-3.12639,-60.02,378dd5f8bdf62b92
1005444959,100MG7W,NR,3450,3450,160,23.5,25,65,8,X,27,200,-3.12639,-60.02,378dd5f8bdf62b93
1005444959,100MG7W,NR,3450,3450,320,23.5,25,65,8,X,27,200,-3.12639,-60.02,378dd5f8bdf62b94
1010105369,100MG7W,NR,3450,3450,180,23.5,25,65,8,X,40,200,-3.09722,-59.99333,378dd5f8bdf62b98
1010105369,100MG7W,NR,3450,3450,350,23.5,25,65,8,X,40,200,-3.09722,-59.99333,378dd5f8bdf62b99
1010105369,100MG7W,NR,3450,3450,90,23.5,25,65,8,X,40,200,-3.09722,-59.99333,378dd5f8bdf62b9a
1012720478,100MG7W,NR,3450,3450,190,23.5,25,65,0,X,30,200,-3.08429,-60.07579,378dd5f8bdf62b9b
1012720478,100MG7W,NR,3450,3450,330,23.5,25,65,0,X,30,200,-3.08429,-60.07579,378dd5f8bdf62b9c
1012720478,100MG7W,NR,3450,3450,80,23.5,25,65,0,X,30,200,-3.08429,-60.07579,378dd5f8bdf62b9d
699823536,100MG7W,NR,3450,3450,30,23.5,25,65,8,X,40,200,-3.10611,-59.99306,378dd5f8bdf62b9e
699823536,100MG7W,NR,3450,3450,240,23.5,25,65,8,X,40,200,-3.10611,-59.99306,378dd5f8bdf62b9f
699823536,100MG7W,NR,3450,3450,100,23.5,25,65,8,X,40,200,-3.10611,-59.99306,378dd5f8bdf62ba0
622925903,100MG7W,NR,3450,3450,140,25,25,105,0,X,20,200,-3.09417,-60.02306,63add5f8cc026323
622925903,100MG7W,NR,3450,3450,50,25,25,105,7,X,20,200,-3.09417,-60.02306,63add5f8cc026324
622925903,100MG7W,NR,3450,3450,300,25,25,105,6,X,20,200,-3.09417,-60.02306,63add5f8cc026325
442366353,100MG7W,NR,3450,3450,250,25,25,65,2,X,60,200,-3.07222,-59.94861,3b1b75f850cee1e1
442366353,100MG7W,NR,3450,3450,130,25,25,65,3,X,60,200,-3.07222,-59.94861,3b1b75f850cee1e2
442366353,100MG7W,NR,3450,3450,360,25,25,65,3,X,60,200,-3.07222,-59.94861,3b1b75f850cee1e3
1011682521,100MG7W,NR,3450,3450,90,25,25,65,4,X,40,200,-3.03916,-59.91035,3b1b75f850cee1f0
1011682521,100MG7W,NR,3450,3450,180,25,25,65,4,X,40,200,-3.03916,-59.91035,3b1b75f850cee1f1
1011682521,100MG7W,NR,3450,3450,310,25,25,65,4,X,40,200,-3.03916,-59.91035,3b1b75f850cee1f2
691539219,100MG7W,NR,3450,3450,60,25,25,65,6,X,24,200,-3.09778,-60.00667,c80d75f84d7f61b3
691539219,100MG7W,NR,3450,3450,180,25,25,65,6,X,24,200,-3.09778,-60.00667,c80d75f84d7f61b4
691539219,100MG7W,NR,3450,3450,320,25,25,65,6,X,24,200,-3.09778,-60.00667,c80d75f84d7f61b5
1000166306,100MG7W,NR,3450,3450,30,25,25,65,8,X,40,200,-3.102419,-60.061689,c80d75f84d7f61cb
1000166306,100MG7W,NR,3450,3450,120,25,25,65,10,X,40,200,-3.102419,-60.061689,c80d75f84d7f61cc
1000166306,100MG7W,NR,3450,3450,220,25,25,65,11,X,40,200,-3.102419,-60.061689,c80d75f84d7f61cd
1000426022,100MG7W,NR,3450,3450,60,25,25,65,8,X,44,200,-3.11889,-60.04917,f4f275f87155c8ce
1000426022,100MG7W,NR,3450,3450,130,25,25,65,8,X,44,200,-3.11889,-60.04917,f4f275f87155c8cf
1000426022,100MG7W,NR,3450,3450,320,25,25,65,8,X,44,200,-3.11889,-60.04917,f4f275f87155c8d0
1002812329,100MG7W,NR,3450,3450,360,25,25,65,6,X,40,200,-3.07778,-59.99944,f4f275f87155c8d7
1002812329,100MG7W,NR,3450,3450,120,25,25,65,6,X,40,200,-3.07778,-59.99944,f4f275f87155c8d8
1002812329,100MG7W,NR,3450,3450,240,25,25,65,6,X,40,200,-3.07778,-59.99944,f4f275f87155c8d9
1005406518,100MG7W,NR,3450,3450,50,25,25,65,6,X,45,200,-3.06556,-60.01528,f4f275f87155c8da
1005406518,100MG7W,NR,3450,3450,290,25,25,65,6,X,45,200,-3.06556,-60.01528,f4f275f87155c8db
1005406518,100MG7W,NR,3450,3450,160,25,25,65,6,X,45,200,-3.06556,-60.01528,f4f275f87155c8dc
682774936,100MG7W,NR,3450,3450,50,25,25,65,0,X,30,200,-3.11639,-60.03528,f4f275f87155c8ec
682774936,100MG7W,NR,3450,3450,260,25,25,65,0,X,30,200,-3.11639,-60.03528,f4f275f87155c8ed
682774936,100MG7W,NR,3450,3450,120,25,25,65,0,X,30,200,-3.11639,-60.03528,f4f275f87155c8ee
689850239,100MG7W,NR,3450,3450,360,25,25,65,6,X,46,200,-3.00917,-59.99083,f4f275f87155c8f2
689850239,100MG7W,NR,3450,3450,90,25,25,65,6,X,46,200,-3.00917,-59.99083,f4f275f87155c8f3
689850239,100MG7W,NR,3450,3450,170,25,25,65,6,X,46,200,-3.00917,-59.99083,f4f275f87155c8f4
689979991,100MG7W,NR,3450,3450,60,25,25,65,6,X,45,200,-3.10361,-59.95667,f4f275f87155c8f5
689979991,100MG7W,NR,3450,3450,190,25,25,65,6,X,50,200,-3.10361,-59.95667,f4f275f87155c8f6
689979991,100MG7W,NR,3450,3450,280,25,25,65,6,X,43,200,-3.10361,-59.95667,f4f275f87155c8f7
692276300,100MG7W,NR,3450,3450,360,25,25,65,8,X,34,200,-3.07556,-60.01972,f4f275f87155c8f8
692276300,100MG7W,NR,3450,3450,120,25,25,65,11,X,34,200,-3.07556,-60.01972,f4f275f87155c8f9
692276300,100MG7W,NR,3450,3450,240,25,25,65,8,X,34,200,-3.07556,-60.01972,f4f275f87155c8fa
699823650,100MG7W,NR,3450,3450,75,25,25,65,8,X,40,200,-3.09194,-60.06889,f4f275f87155c8fb
699823650,100MG7W,NR,3450,3450,190,25,25,65,8,X,40,200,-3.09194,-60.06889,f4f275f87155c8fc
699823650,100MG7W,NR,3450,3450,285,25,25,65,8,X,40,200,-3.09194,-60.06889,f4f275f87155c8fd
689847599,100MG7W,NR,3450,3450,280,25,25,105,-4,X,27,31.62,-3.143782,-60.009315,f70cc5f803b5ee21
689847599,100MG7W,NR,3450,3450,130,25,25,105,-4,X,27,31.62,-3.143782,-60.009315,f70cc5f803b5ee22
689847599,100MG7W,NR,3450,3450,30,25,25,105,-4,X,27,31.62,-3.143782,-60.009315,f70cc5f803b5ee23
442366396,100MG7W,NR,3450,3450,170,25,25,105,-4,X,60,200,-3.05111,-59.99306,f70cc5f803d1f827
442366396,100MG7W,NR,3450,3450,40,25,25,105,-4,X,60,200,-3.05111,-59.99306,f70cc5f803d1f828
442366396,100MG7W,NR,3450,3450,290,25,25,105,-4,X,60,200,-3.05111,-59.99306,f70cc5f803d1f829
699821371,100MG7W,NR,3450,3450,230,25,25,105,-4,X,52,200,-3.08583,-60.01,f70cc5f803d1f9f7
699821371,100MG7W,NR,3450,3450,320,25,25,105,-4,X,52,200,-3.08583,-60.01,f70cc5f803d1f9f8
699821371,100MG7W,NR,3450,3450,160,25,25,105,-4,X,52,200,-3.08583,-60.01,f70cc5f803d1f9f9
442035373,100MG7W,NR,3450,3450,360,23.5,25,65,10,X,45,200,-3.06472,-60.04361,d97fd5f80216c896
442035373,100MG7W,NR,3450,3450,120,23.5,25,65,10,X,45,200,-3.06472,-60.04361,d97fd5f80216c897
442035373,100MG7W,NR,3450,3450,240,23.5,25,65,8,X,45,200,-3.06472,-60.04361,d97fd5f80216c898
442954123,100MG7W,NR,3450,3450,160,23.5,25,65,10,X,60,200,-3.04194,-59.92889,d97fd5f80216c932
442954123,100MG7W,NR,3450,3450,290,23.5,25,65,10,X,60,200,-3.04194,-59.92889,d97fd5f80216c933
442954123,100MG7W,NR,3450,3450,40,23.5,25,65,8,X,60,200,-3.04194,-59.92889,d97fd5f80216c934
697489124,100MG7W,NR,3450,3450,340,23.5,25,65,10,X,33,200,-3.05444,-59.98361,d97fd5f80216cb80
697489124,100MG7W,NR,3450,3450,120,23.5,25,65,10,X,36,200,-3.05444,-59.98361,d97fd5f80216cb81
697489124,100MG7W,NR,3450,3450,220,23.5,25,65,8,X,33,200,-3.05444,-59.98361,d97fd5f80216cb82
699820782,100MG7W,NR,3450,3450,50,23.5,25,65,10,X,40,200,-3.08028,-60.0575,d97fd5f80216cb98
699820782,100MG7W,NR,3450,3450,150,23.5,25,65,10,X,40,200,-3.08028,-60.0575,d97fd5f80216cb99
699820782,100MG7W,NR,3450,3450,220,23.5,25,65,8,X,40,200,-3.08028,-60.0575,d97fd5f80216cb9a
1000027560,100MG7W,NR,3450,3450,190,23.5,25,65,10,X,40,200,-3.02139,-59.94583,d97fd5f80216cbe7
1000027560,100MG7W,NR,3450,3450,290,23.5,25,65,10,X,40,200,-3.02139,-59.94583,d97fd5f80216cbe8
1000027560,100MG7W,NR,3450,3450,60,23.5,25,65,8,X,40,200,-3.02139,-59.94583,d97fd5f80216cbe9
1012304784,100MG7W,NR,3450,3450,90,23.5,25,65,10,X,18,200,-3.03469,-59.9938,d97fd5f80216cc29
1012304784,100MG7W,NR,3450,3450,210,23.5,25,65,10,X,18,200,-3.03469,-59.9938,d97fd5f80216cc2a
1012304784,100MG7W,NR,3450,3450,330,23.5,25,65,8,X,18,200,-3.03469,-59.9938,d97fd5f80216cc2b
442954123,100MG7W,NR,3450,3450,160,25,25,65,-5,X,60,200,-3.04194,-59.92889,1a6cd5f802666874
442954123,100MG7W,NR,3450,3450,40,25,25,65,-5,X,60,200,-3.04194,-59.92889,1a6cd5f802666875
442954123,100MG7W,NR,3450,3450,290,25,25,65,-5,X,60,200,-3.04194,-59.92889,1a6cd5f802666876
689980000,100MG7W,NR,3450,3450,240,25,25,65,-5,X,42,200,-3.02917,-59.97694,1a6cd5f8026669cb
689980000,100MG7W,NR,3450,3450,360,25,25,65,-5,X,42,200,-3.02917,-59.97694,1a6cd5f8026669cc
689980000,100MG7W,NR,3450,3450,120,25,25,65,-5,X,42,200,-3.02917,-59.97694,1a6cd5f8026669cd
690372760,100MG7W,NR,3450,3450,90,25,25,65,-5,X,40,200,-3.11944,-59.98917,1a6cd5f802666a25
690372760,100MG7W,NR,3450,3450,210,25,25,65,-5,X,40,200,-3.11944,-59.98917,1a6cd5f802666a26
690372760,100MG7W,NR,3450,3450,340,25,25,65,-5,X,40,200,-3.11944,-59.98917,1a6cd5f802666a27
691365156,100MG7W,NR,3450,3450,80,25,25,65,-5,X,40,200,-3.10139,-60.06583,1a6cd5f802666ac6
691365156,100MG7W,NR,3450,3450,230,25,25,65,-5,X,40,200,-3.10139,-60.06583,1a6cd5f802666ac7
691365156,100MG7W,NR,3450,3450,350,25,25,65,-5,X,40,200,-3.10139,-60.06583,1a6cd5f802666ac8
691365512,100MG7W,NR,3450,3450,10,25,25,65,-5,X,29,200,-3.07778,-60.00778,1a6cd5f802666b08
691365512,100MG7W,NR,3450,3450,210,25,25,65,-5,X,29,200,-3.07778,-60.00778,1a6cd5f802666b09
691365512,100MG7W,NR,3450,3450,295,25,25,65,-5,X,29,200,-3.07778,-60.00778,1a6cd5f802666b0a
697700232,100MG7W,NR,3450,3450,350,25,25,65,-5,X,18,200,-3.07889,-60.02472,1a6cd5f802666d9e
697700232,100MG7W,NR,3450,3450,240,25,25,65,-5,X,18,200,-3.07889,-60.02472,1a6cd5f802666d9f
697700232,100MG7W,NR,3450,3450,100,25,25,65,-5,X,18,200,-3.07889,-60.02472,1a6cd5f802666da0
698341627,100MG7W,NR,3450,3450,270,25,25,65,-5,X,23,200,-3.09472,-60.03556,1a6cd5f802666e34
698341627,100MG7W,NR,3450,3450,70,25,25,65,-5,X,23,200,-3.09472,-60.03556,1a6cd5f802666e35
698341627,100MG7W,NR,3450,3450,140,25,25,65,-5,X,23,200,-3.09472,-60.03556,1a6cd5f802666e36
699072271,100MG7W,NR,3450,3450,40,25,25,65,-5,X,40,200,-3.07889,-60.07028,1a6cd5f802666e67
699072271,100MG7W,NR,3450,3450,160,25,25,65,-5,X,40,200,-3.07889,-60.07028,1a6cd5f802666e68
699072271,100MG7W,NR,3450,3450,280,25,25,65,-5,X,40,200,-3.07889,-60.07028,1a6cd5f802666e69
699389917,100MG7W,NR,3450,3450,360,25,25,65,-5,X,50,200,-2.97417,-59.99028,1a6cd5f802666ebb
699389917,100MG7W,NR,3450,3450,140,25,25,65,-5,X,50,200,-2.97417,-59.99028,1a6cd5f802666ebc
699389917,100MG7W,NR,3450,3450,270,25,25,65,-5,X,50,200,-2.97417,-59.99028,1a6cd5f802666ebd
699392276,100MG7W,NR,3450,3450,270,25,25,65,-5,X,16,31.62,-3.08167,-60.01361,1a6cd5f802666f06
699392276,100MG7W,NR,3450,3450,360,25,25,65,-5,X,16,31.62,-3.08167,-60.01361,1a6cd5f802666f07
699392276,100MG7W,NR,3450,3450,130,25,25,65,-5,X,16,31.62,-3.08167,-60.01361,1a6cd5f802666f08
1000632862,100MG7W,NR,3450,3450,40,25,25,65,-5,X,40,200,-3.01778,-59.94722,1a6cd5f80266700e
1000632862,100MG7W,NR,3450,3450,160,25,25,65,-5,X,40,200,-3.01778,-59.94722,1a6cd5f80266700f
1000632862,100MG7W,NR,3450,3450,270,25,25,65,-5,X,40,200,-3.01778,-59.94722,1a6cd5f802667010
1002858094,100MG7W,NR,3450,3450,20,25,25,65,-5,X,40,200,-3.02806,-59.98861,1a6cd5f802667053
1002858094,100MG7W,NR,3450,3450,220,25,25,65,-5,X,40,200,-3.02806,-59.98861,1a6cd5f802667054
1002858094,100MG7W,NR,3450,3450,320,25,25,65,-5,X,40,200,-3.02806,-59.98861,1a6cd5f802667055
1012304806,100MG7W,NR,3450,3450,360,25,25,65,-5,X,17,200,-3.03914,-59.93611,1a6cd5f802667094
1012304806,100MG7W,NR,3450,3450,120,25,25,65,-5,X,17,200,-3.03914,-59.93611,1a6cd5f802667095
1012304806,100MG7W,NR,3450,3450,240,25,25,65,-5,X,17,200,-3.03914,-59.93611,1a6cd5f802667096
1014943954,100MG7W,NR,3450,3450,140,25,25,65,-5,X,17,200,-3.117444,-60.011722,1a6cd5f802667118
1014943954,100MG7W,NR,3450,3450,20,25,25,65,-5,X,17,200,-3.117444,-60.011722,1a6cd5f802667119
1014943954,100MG7W,NR,3450,3450,260,25,25,65,-5,X,17,200,-3.117444,-60.011722,1a6cd5f80266711a
442035373,100MG7W,NR,3450,3450,360,23.5,25,65,10,X,45,200,-3.06472,-60.04361,292ce5f80291e6b1
442035373,100MG7W,NR,3450,3450,120,23.5,25,65,10,X,45,200,-3.06472,-60.04361,292ce5f80291e6b2
442035373,100MG7W,NR,3450,3450,240,23.5,25,65,8,X,45,200,-3.06472,-60.04361,292ce5f80291e6b3
442954123,100MG7W,NR,3450,3450,160,23.5,25,65,10,X,60,200,-3.04194,-59.92889,292ce5f80291e750
442954123,100MG7W,NR,3450,3450,290,23.5,25,65,10,X,60,200,-3.04194,-59.92889,292ce5f80291e751
442954123,100MG7W,NR,3450,3450,40,23.5,25,65,8,X,60,200,-3.04194,-59.92889,292ce5f80291e752
1000027560,100MG7W,NR,3450,3450,190,23.5,25,65,10,X,40,200,-3.02139,-59.94583,292ce5f80291e7dd
1000027560,100MG7W,NR,3450,3450,290,23.5,25,65,10,X,40,200,-3.02139,-59.94583,292ce5f80291e7de
1000027560,100MG7W,NR,3450,3450,60,23.5,25,65,8,X,40,200,-3.02139,-59.94583,292ce5f80291e7df